<?xml version="1.0" encoding="UTF-8"?>
<!DOCTYPE struts PUBLIC "-//Apache Software Foundation//DTD Struts Configuration 2.0//EN" "http://struts.apache.org/dtds/struts-2.0.dtd">

<struts>
  <package name="default" extends="json-default" namespace="/">
  
  	<!-- Interceptor Definition Start -->
  	<!-- It will be executed before entering every Action class to check if user is login.  -->
  	<!-- To skip checking user login, e.g. login page, add <interceptor-ref name="defaultStack"/> -->
  	<interceptors>
		<interceptor name="authInterceptor" class="ems.interceptor.AuthInterceptor"/>
		<interceptor-stack name="intstack">
			<interceptor-ref name="authInterceptor"/>
			<interceptor-ref name="fileUpload">
    			<param name="maximumSize">10485760</param>
			</interceptor-ref>
			<interceptor-ref name="defaultStack"/>
		</interceptor-stack>
	</interceptors>
	<default-interceptor-ref name="intstack" /> 

	<!-- Interceptor Definition End -->
	
	<global-results>
        <result name="login">/jsp/login.jsp</result>
    </global-results>
	
	<!-- Login Page Definition Start -->
	<action name="login">
      <interceptor-ref name="defaultStack"/>
      <result>/jsp/login.jsp</result>
    </action>
    <action name="gologin" class="ems.action.LoginAction"> 
      <interceptor-ref name="defaultStack"/>
      <result name="success" type="chain">wellcomePage</result>
      <result name="input">/jsp/login.jsp</result>
    </action>
	<!-- Login Page Definition End -->
  
  
    <!-- Wellcome page -->
    <action name="wellcomePage" class="ems.TestingAction">
      <result name="success">/jsp/index.jsp</result>
      <result name="error">/jsp/error.jsp</result>
    </action>
    
    <!-- ORG -->
    <action name="enqNews" class="ems.TestingAction">
      <result name="success">/jsp/ORG/enqNews.jsp</result>
    </action>
    <action name="mntBed" class="ems.action.BedAction">
      <result name="success">/jsp/ORG/mntBed.jsp</result>
      <result name="input">/jsp/ORG/mntBed.jsp</result>
    </action>
    <action name="mntUser" class="ems.action.UserAction">
      <result name="success">/jsp/ORG/mntUser.jsp</result>
      <result name="input">/jsp/ORG/mntUser.jsp</result>
    </action>
    <action name="mntOrganization" class="ems.action.OrgAction">
      <result name="success">/jsp/ORG/mntOrganization.jsp</result>
      <result name="input">/jsp/ORG/mntOrganization.jsp</result>
    </action>
    <action name="getAjaxPat" class="ems.action.AjaxPatAction">
		<result name="success" type="json">
			<param name="noCache">true</param>
		</result>
    </action>
    <action name="getAjaxPer" class="ems.action.AjaxPerAction">
		<result name="success" type="json">
			<param name="noCache">true</param>
		</result>
    </action>
    
    <!-- RES -->
    <action name="mntPatient" class="ems.action.PatAction">
      <result name="success">/jsp/RES/mntPatient.jsp</result>
      <result name="input">/jsp/RES/mntPatient.jsp</result>
    </action>
    <action name="mntQuote" class="ems.action.QuoteAction">
      <result name="success">/jsp/RES/mntQuote.jsp</result>
      <result name="input">/jsp/RES/mntQuote.jsp</result>
    </action>
    <action name="mntReserve" class="ems.action.ResAction">
      <result name="success">/jsp/RES/mntReserve.jsp</result>
      <result name="input">/jsp/RES/mntReserve.jsp</result>
    </action>
    <action name="mntPatList" class="ems.action.PatListAction">
      <result name="success">/jsp/RES/mntPatList.jsp</result>
      <result name="input">/jsp/RES/mntPatList.jsp</result>
    </action>
    <action name="enqReport" class="ems.TestingAction">
      <result name="success">/jsp/RES/enqReport.jsp</result>
      <result name="input">/jsp/RES/enqReport.jsp</result>
    </action>
    
    <!-- ACC -->
    <action name="mntPatAcc" class="ems.action.PatAccAction">
      <result name="success">/jsp/ACC/mntPatAcc.jsp</result>
      <result name="input">/jsp/ACC/mntPatAcc.jsp</result>
    </action>
    <action name="mntOrgAcc" class="ems.action.OrgAccAction">
      <result name="success">/jsp/ACC/mntOrgAcc.jsp</result>
      <result name="input">/jsp/ACC/mntOrgAcc.jsp</result>
    </action>
    <action name="mntStmtPay" class="ems.action.StmtPayAction">
      <result name="success">/jsp/ACC/mntStmtPay.jsp</result>
      <result name="input">/jsp/ACC/mntStmtPay.jsp</result>
    </action>
    <action name="mntSetAcc" class="ems.action.SetAccAction">
      <result name="success">/jsp/ACC/mntSetAcc.jsp</result>
      <result name="input">/jsp/ACC/mntSetAcc.jsp</result>
    </action>
    <action name="mntIntChg" class="ems.action.IntChgAction">
      <result name="success">/jsp/ACC/mntIntChg.jsp</result>
      <result name="input">/jsp/ACC/mntIntChg.jsp</result>
    </action>
    
    <!-- RPT -->
    <action name="mntRptCsv" class="ems.action.CsvAction">
	    <result name="success" type="stream">
		  <param name="contentType">application/octet-stream</param>
		  <param name="inputName">fileInputStream</param>
		  <param name="contentDisposition">attachment;filename="output.csv"</param>
		  <param name="bufferSize">1024</param>
		</result>
      	<result name="input">/jsp/RPT/mntRptCsv.jsp</result>
    </action>
    
    <action name="mntRptRcp" class="ems.TestingAction">
      <result name="success">/jsp/RPT/mntRptRcp.jsp</result>
      <result name="input">/jsp/RPT/mntRptRcp.jsp</result>
    </action>
    
    <!-- OTHERS -->
    <action name="getTesting1" class="ems.TestingAction">
      <result name="success">/jsp/index.jsp</result>
    </action>

	<action name="getTestingAjax" class="ems.TestingAjaxAction">
		<result name="success" type="json">
			<param name="noCache">true</param>
		</result>
	</action>
  </package>
  
  <!-- all invalid link will redirect to error.jsp -->
  <package name="serveAll" namespace="" extends="struts-default">
  	<action name="*">
  		<result>/jsp/error.jsp</result>
  	</action>
  </package>
</struts>