<?xml version="1.0" encoding="UTF-8"?>
<!DOCTYPE struts PUBLIC "-//Apache Software Foundation//DTD Struts Configuration 2.0//EN" "http://struts.apache.org/dtds/struts-2.0.dtd">

<struts>
  <package name="default" extends="struts-default" namespace="/">
  	
  	<!-- Interceptor Definition Start -->
  	<!-- It will be executed before entering every Action class to check if user is login.  -->
  	<!-- To skip checking user login, e.g. login page, add <interceptor-ref name="defaultStack"/> -->
  	<interceptors>
		<interceptor name="authInterceptor" class="ems.interceptor.AuthInterceptor"/>
		<interceptor-stack name="intstack">
			<interceptor-ref name="authInterceptor"/>
			<interceptor-ref name="defaultStack"/>
		</interceptor-stack>
	</interceptors>
	<default-interceptor-ref name="intstack" /> 
	<!-- Interceptor Definition End -->
	
	
	
	<!-- Login Page Definition Start -->
	<action name="login">
      <interceptor-ref name="defaultStack"/>
      <result>/jsp/login.jsp</result>
    </action>
    <action name="gologin" class="ems.action.LoginAction">
      <interceptor-ref name="defaultStack"/>
      <result name="success" type="chain">wellcomePage</result>
      <result name="input">/jsp/login.jsp</result>
    </action>
	<!-- Login Page Definition End -->
  
  
    <!-- Wellcome page -->
    <action name="wellcomePage" class="ems.TestingAction">
      <result name="success">/jsp/index.jsp</result>
      <result name="error">/jsp/error.jsp</result>
    </action>
    
    <!-- ORG -->
    <action name="enqNews" class="ems.TestingAction">
      <result name="success">/jsp/ORG/enqNews.jsp</result>
      <result name="error">/jsp/error.jsp</result>
    </action>
    <action name="mntBed" class="ems.TestingAction">
      <result name="success">/jsp/ORG/mntBed.jsp</result>
      <result name="error">/jsp/error.jsp</result>
    </action>
    <action name="mntUser" class="ems.action.UserAction">
      <result name="success">/jsp/ORG/mntUser.jsp</result>
      <result name="error">/jsp/ORG/mntUser.jsp</result>
      <result name="input">/jsp/ORG/mntUser.jsp</result>
    </action>
    <action name="mntOrganization" class="ems.action.OrgAction">
      <result name="success">/jsp/ORG/mntOrganization.jsp</result>
      <result name="error">/jsp/ORG/mntOrganization.jsp</result>
      <result name="input">/jsp/ORG/mntOrganization.jsp</result>
    </action>
    
    <!-- RES -->
    <action name="mntResident" class="ems.TestingAction">
      <result name="success">/jsp/RES/mntResident.jsp</result>
      <result name="error">/jsp/error.jsp</result>
    </action>
    
    <!-- OTHERS -->
    <action name="getTesting1" class="ems.TestingAction">
      <result name="success">/jsp/index.jsp</result>
      <result name="error">/jsp/error.jsp</result>
    </action>
  </package>
</struts>